url,people,rate
https://leetcode.cn/problems/median-of-two-sorted-arrays,7506,0.419
https://leetcode.cn/problems/regular-expression-matching,2337,0.307
https://leetcode.cn/problems/merge-k-sorted-lists,4723,0.589
https://leetcode.cn/problems/reverse-nodes-in-k-group,4335,0.678
https://leetcode.cn/problems/substring-with-concatenation-of-all-words,1442,0.392
https://leetcode.cn/problems/longest-valid-parentheses,2489,0.376
https://leetcode.cn/problems/sudoku-solver,1725,0.676
https://leetcode.cn/problems/first-missing-positive,2467,0.439
https://leetcode.cn/problems/trapping-rain-water,5131,0.632
https://leetcode.cn/problems/wildcard-matching,955,0.339
https://leetcode.cn/problems/n-queens,3284,0.739
https://leetcode.cn/problems/n-queens-ii,1007,0.823
https://leetcode.cn/problems/permutation-sequence,1503,0.536
https://leetcode.cn/problems/valid-number,966,0.276
https://leetcode.cn/problems/text-justification,933,0.534
https://leetcode.cn/problems/minimum-window-substring,3820,0.455
https://leetcode.cn/problems/largest-rectangle-in-histogram,2149,0.454
https://leetcode.cn/problems/maximal-rectangle,1258,0.55
https://leetcode.cn/problems/scramble-string,467,0.471
https://leetcode.cn/problems/distinct-subsequences,1372,0.517
https://leetcode.cn/problems/best-time-to-buy-and-sell-stock-iii,1669,0.602
https://leetcode.cn/problems/binary-tree-maximum-path-sum,2135,0.454
https://leetcode.cn/problems/word-ladder-ii,511,0.372
https://leetcode.cn/problems/word-ladder,1088,0.485
https://leetcode.cn/problems/palindrome-partitioning-ii,652,0.498
https://leetcode.cn/problems/candy,1810,0.494
https://leetcode.cn/problems/word-break-ii,1054,0.583
https://leetcode.cn/problems/max-points-on-a-line,836,0.4
https://leetcode.cn/problems/find-minimum-in-rotated-sorted-array-ii,1363,0.523
https://leetcode.cn/problems/read-n-characters-given-read4-ii-call-multiple-times,107,0.599
https://leetcode.cn/problems/dungeon-game,1472,0.486
https://leetcode.cn/problems/department-top-three-salaries,1147,0.537
https://leetcode.cn/problems/best-time-to-buy-and-sell-stock-iv,1557,0.486
https://leetcode.cn/problems/word-search-ii,786,0.434
https://leetcode.cn/problems/shortest-palindrome,506,0.403
https://leetcode.cn/problems/the-skyline-problem,456,0.552
https://leetcode.cn/problems/contains-duplicate-iii,658,0.304
https://leetcode.cn/problems/basic-calculator,1109,0.426
https://leetcode.cn/problems/number-of-digit-one,671,0.494
https://leetcode.cn/problems/sliding-window-maximum,3733,0.491
https://leetcode.cn/problems/strobogrammatic-number-iii,88,0.49
https://leetcode.cn/problems/trips-and-users,710,0.409
https://leetcode.cn/problems/paint-house-ii,278,0.642
https://leetcode.cn/problems/alien-dictionary,195,0.37
https://leetcode.cn/problems/closest-binary-search-tree-value-ii,140,0.663
https://leetcode.cn/problems/integer-to-english-words,454,0.366
https://leetcode.cn/problems/expression-add-operators,224,0.468
https://leetcode.cn/problems/find-median-from-data-stream,864,0.539
https://leetcode.cn/problems/best-meeting-point,69,0.612
https://leetcode.cn/problems/serialize-and-deserialize-binary-tree,1427,0.591
https://leetcode.cn/problems/remove-invalid-parentheses,614,0.553
https://leetcode.cn/problems/smallest-rectangle-enclosing-black-pixels,67,0.673
https://leetcode.cn/problems/number-of-islands-ii,136,0.421
https://leetcode.cn/problems/range-sum-query-2d-mutable,86,0.641
https://leetcode.cn/problems/burst-balloons,693,0.7
https://leetcode.cn/problems/count-of-smaller-numbers-after-self,851,0.436
https://leetcode.cn/problems/shortest-distance-from-all-buildings,99,0.475
https://leetcode.cn/problems/create-maximum-number,313,0.421
https://leetcode.cn/problems/count-of-range-sum,368,0.405
https://leetcode.cn/problems/longest-increasing-path-in-a-matrix,887,0.52
https://leetcode.cn/problems/patching-array,206,0.53
https://leetcode.cn/problems/reconstruct-itinerary,666,0.466
https://leetcode.cn/problems/self-crossing,172,0.425
https://leetcode.cn/problems/palindrome-pairs,256,0.38
https://leetcode.cn/problems/data-stream-as-disjoint-intervals,425,0.669
https://leetcode.cn/problems/russian-doll-envelopes,864,0.364
https://leetcode.cn/problems/rearrange-string-k-distance-apart,96,0.372
https://leetcode.cn/problems/max-sum-of-rectangle-no-larger-than-k,272,0.482
https://leetcode.cn/problems/insert-delete-getrandom-o1-duplicates-allowed,246,0.421
https://leetcode.cn/problems/perfect-rectangle,334,0.461
https://leetcode.cn/problems/frog-jump,587,0.461
https://leetcode.cn/problems/trapping-rain-water-ii,321,0.572
https://leetcode.cn/problems/split-array-largest-sum,653,0.605
https://leetcode.cn/problems/minimum-unique-word-abbreviation,36,0.498
https://leetcode.cn/problems/strong-password-checker,167,0.388
https://leetcode.cn/problems/word-squares,50,0.626
https://leetcode.cn/problems/serialize-and-deserialize-n-ary-tree,89,0.695
https://leetcode.cn/problems/encode-n-ary-tree-to-binary-tree,51,0.747
https://leetcode.cn/problems/all-oone-data-structure,320,0.466
https://leetcode.cn/problems/k-th-smallest-in-lexicographical-order,310,0.424
https://leetcode.cn/problems/arithmetic-slices-ii-subsequence,219,0.544
https://leetcode.cn/problems/poor-pigs,253,0.667
https://leetcode.cn/problems/lfu-cache,749,0.472
https://leetcode.cn/problems/optimal-account-balancing,46,0.549
https://leetcode.cn/problems/count-the-repetitions,266,0.417
https://leetcode.cn/problems/encode-string-with-shortest-length,46,0.592
https://leetcode.cn/problems/concatenated-words,272,0.52
https://leetcode.cn/problems/largest-palindrome-product,179,0.623
https://leetcode.cn/problems/sliding-window-median,537,0.429
https://leetcode.cn/problems/smallest-good-base,152,0.588
https://leetcode.cn/problems/zuma-game,188,0.472
https://leetcode.cn/problems/robot-room-cleaner,40,0.739
https://leetcode.cn/problems/reverse-pairs,424,0.369
https://leetcode.cn/problems/the-maze-iii,97,0.442
https://leetcode.cn/problems/ipo,452,0.452
https://leetcode.cn/problems/freedom-trail,404,0.532
https://leetcode.cn/problems/super-washing-machines,218,0.512
https://leetcode.cn/problems/word-abbreviation,43,0.603
https://leetcode.cn/problems/remove-boxes,150,0.608
https://leetcode.cn/problems/split-array-with-equal-sum,54,0.392
https://leetcode.cn/problems/student-attendance-record-ii,354,0.58
https://leetcode.cn/problems/find-the-closest-palindrome,263,0.305
https://leetcode.cn/problems/maximum-vacation-days,42,0.541
https://leetcode.cn/problems/median-employee-salary,280,0.571
https://leetcode.cn/problems/find-median-given-frequency-of-numbers,159,0.467
https://leetcode.cn/problems/find-cumulative-salary-of-an-employee,199,0.447
https://leetcode.cn/problems/erect-the-fence,140,0.603
https://leetcode.cn/problems/design-in-memory-file-system,58,0.439
https://leetcode.cn/problems/tag-validator,196,0.52
https://leetcode.cn/problems/non-negative-integers-without-consecutive-ones,332,0.502
https://leetcode.cn/problems/human-traffic-of-stadium,645,0.481
https://leetcode.cn/problems/average-salary-departments-vs-company,160,0.423
https://leetcode.cn/problems/students-report-by-geography,95,0.616
https://leetcode.cn/problems/k-inverse-pairs-array,220,0.508
https://leetcode.cn/problems/course-schedule-iii,338,0.485
https://leetcode.cn/problems/design-excel-sum-formula,49,0.338
https://leetcode.cn/problems/smallest-range-covering-elements-from-k-lists,326,0.611
https://leetcode.cn/problems/decode-ways-ii,330,0.371
https://leetcode.cn/problems/design-search-autocomplete-system,99,0.56
https://leetcode.cn/problems/maximum-average-subarray-ii,41,0.45
https://leetcode.cn/problems/coin-path,37,0.342
https://leetcode.cn/problems/remove-9,40,0.642
https://leetcode.cn/problems/strange-printer,246,0.654
https://leetcode.cn/problems/kth-smallest-number-in-multiplication-table,281,0.586
https://leetcode.cn/problems/cut-off-trees-for-golf-event,219,0.52
https://leetcode.cn/problems/24-game,368,0.538
https://leetcode.cn/problems/k-empty-slots,77,0.467
https://leetcode.cn/problems/redundant-connection-ii,390,0.423
https://leetcode.cn/problems/maximum-sum-of-3-non-overlapping-subarrays,351,0.586
https://leetcode.cn/problems/stickers-to-spell-word,214,0.583
https://leetcode.cn/problems/falling-squares,245,0.547
https://leetcode.cn/problems/random-pick-with-blacklist,452,0.435
https://leetcode.cn/problems/number-of-distinct-islands-ii,47,0.56
https://leetcode.cn/problems/range-module,253,0.557
https://leetcode.cn/problems/max-stack,112,0.434
https://leetcode.cn/problems/find-k-th-smallest-pair-distance,288,0.471
https://leetcode.cn/problems/number-of-atoms,484,0.553
https://leetcode.cn/problems/minimum-window-subsequence,83,0.426
https://leetcode.cn/problems/count-different-palindromic-subsequences,130,0.63
https://leetcode.cn/problems/my-calendar-iii,251,0.709
https://leetcode.cn/problems/parse-lisp-expression,159,0.662
https://leetcode.cn/problems/cherry-pickup,149,0.507
https://leetcode.cn/problems/prefix-and-suffix-search,259,0.438
https://leetcode.cn/problems/contain-virus,142,0.689
https://leetcode.cn/problems/cracking-the-safe,153,0.748
https://leetcode.cn/problems/set-intersection-size-at-least-two,201,0.56
https://leetcode.cn/problems/employee-free-time,81,0.703
https://leetcode.cn/problems/special-binary-string,153,0.751
https://leetcode.cn/problems/couples-holding-hands,690,0.673
https://leetcode.cn/problems/max-chunks-to-make-sorted-ii,398,0.588
https://leetcode.cn/problems/basic-calculator-iv,44,0.574
https://leetcode.cn/problems/basic-calculator-iii,216,0.534
https://leetcode.cn/problems/sliding-puzzle,530,0.701
https://leetcode.cn/problems/minimize-max-distance-to-gas-station,40,0.638
https://leetcode.cn/problems/swim-in-rising-water,453,0.591
https://leetcode.cn/problems/reaching-points,268,0.377
https://leetcode.cn/problems/transform-to-chessboard,149,0.594
https://leetcode.cn/problems/preimage-size-of-factorial-zeroes-function,293,0.486
https://leetcode.cn/problems/smallest-rotation-with-highest-score,233,0.617
https://leetcode.cn/problems/minimum-swaps-to-make-sequences-increasing,323,0.508
https://leetcode.cn/problems/bricks-falling-when-hit,158,0.47
https://leetcode.cn/problems/split-array-with-same-average,193,0.428
https://leetcode.cn/problems/chalkboard-xor-game,157,0.726
https://leetcode.cn/problems/bus-routes,422,0.445
https://leetcode.cn/problems/race-car,73,0.453
https://leetcode.cn/problems/making-a-large-island,601,0.473
https://leetcode.cn/problems/count-unique-characters-of-all-substrings-of-a-given-string,382,0.685
https://leetcode.cn/problems/consecutive-numbers-sum,385,0.461
https://leetcode.cn/problems/sum-of-distances-in-tree,245,0.606
https://leetcode.cn/problems/similar-string-groups,348,0.592
https://leetcode.cn/problems/guess-the-word,71,0.364
https://leetcode.cn/problems/shortest-path-visiting-all-nodes,241,0.672
https://leetcode.cn/problems/rectangle-area-ii,185,0.627
https://leetcode.cn/problems/k-similar-strings,251,0.467
https://leetcode.cn/problems/minimum-cost-to-hire-k-workers,223,0.635
https://leetcode.cn/problems/shortest-subarray-with-sum-at-least-k,396,0.269
https://leetcode.cn/problems/shortest-path-to-get-all-keys,253,0.593
https://leetcode.cn/problems/minimum-number-of-refueling-stops,379,0.434
https://leetcode.cn/problems/nth-magical-number,226,0.401
https://leetcode.cn/problems/profitable-schemes,242,0.546
https://leetcode.cn/problems/reachable-nodes-in-subdivided-graph,148,0.638
https://leetcode.cn/problems/super-egg-drop,477,0.308
https://leetcode.cn/problems/sum-of-subsequence-widths,203,0.465
https://leetcode.cn/problems/maximum-frequency-stack,328,0.639
https://leetcode.cn/problems/orderly-queue,284,0.637
https://leetcode.cn/problems/numbers-at-most-n-given-digit-set,416,0.471
https://leetcode.cn/problems/valid-permutations-for-di-sequence,68,0.572
https://leetcode.cn/problems/super-palindromes,85,0.322
https://leetcode.cn/problems/cat-and-mouse,142,0.529
https://leetcode.cn/problems/number-of-music-playlists,43,0.534
https://leetcode.cn/problems/minimize-malware-spread,157,0.361
https://leetcode.cn/problems/three-equal-parts,369,0.438
https://leetcode.cn/problems/minimize-malware-spread-ii,84,0.438
https://leetcode.cn/problems/stamping-the-sequence,44,0.434
https://leetcode.cn/problems/distinct-subsequences-ii,287,0.532
https://leetcode.cn/problems/find-the-shortest-superstring,81,0.481
https://leetcode.cn/problems/largest-component-size-by-common-factor,187,0.511
https://leetcode.cn/problems/tallest-billboard,84,0.473
https://leetcode.cn/problems/delete-columns-to-make-sorted-iii,64,0.589
https://leetcode.cn/problems/least-operators-to-express-number,42,0.466
https://leetcode.cn/problems/binary-tree-cameras,666,0.524
https://leetcode.cn/problems/equal-rational-numbers,55,0.416
https://leetcode.cn/problems/odd-even-jump,95,0.484
https://leetcode.cn/problems/unique-paths-iii,431,0.781
https://leetcode.cn/problems/triples-with-bitwise-and-equal-to-zero,152,0.674
https://leetcode.cn/problems/vertical-order-traversal-of-a-binary-tree,519,0.539
https://leetcode.cn/problems/subarrays-with-k-different-integers,342,0.477
https://leetcode.cn/problems/minimum-number-of-k-consecutive-bit-flips,291,0.541
https://leetcode.cn/problems/number-of-squareful-arrays,146,0.511
https://leetcode.cn/problems/minimum-cost-to-merge-stones,110,0.536
https://leetcode.cn/problems/grid-illumination,284,0.448
https://leetcode.cn/problems/numbers-with-repeated-digits,200,0.536
https://leetcode.cn/problems/recover-a-tree-from-preorder-traversal,548,0.728
https://leetcode.cn/problems/stream-of-characters,265,0.568
https://leetcode.cn/problems/escape-a-large-maze,220,0.467
https://leetcode.cn/problems/longest-duplicate-substring,245,0.355
https://leetcode.cn/problems/number-of-valid-subarrays,62,0.742
https://leetcode.cn/problems/digit-count-in-range,55,0.495
https://leetcode.cn/problems/number-of-submatrices-that-sum-to-target,223,0.676
https://leetcode.cn/problems/confusing-number-ii,53,0.499
https://leetcode.cn/problems/shortest-common-supersequence,176,0.582
https://leetcode.cn/problems/find-in-mountain-array,481,0.378
https://leetcode.cn/problems/brace-expansion-ii,157,0.733
https://leetcode.cn/problems/game-play-analysis-v,182,0.518
https://leetcode.cn/problems/parsing-a-boolean-expression,576,0.685
https://leetcode.cn/problems/divide-array-into-increasing-sequences,29,0.614
https://leetcode.cn/problems/smallest-sufficient-team,155,0.606
https://leetcode.cn/problems/user-purchase-platform,117,0.429
https://leetcode.cn/problems/longest-chunked-palindrome-decomposition,368,0.588
https://leetcode.cn/problems/string-transforms-into-another-string,35,0.379
https://leetcode.cn/problems/online-majority-element-in-subarray,128,0.462
https://leetcode.cn/problems/market-analysis-ii,139,0.506
https://leetcode.cn/problems/last-substring-in-lexicographical-order,241,0.351
https://leetcode.cn/problems/optimize-water-distribution-in-a-village,59,0.625
https://leetcode.cn/problems/dinner-plate-stacks,161,0.396
https://leetcode.cn/problems/number-of-valid-words-for-each-puzzle,202,0.47
https://leetcode.cn/problems/maximum-number-of-ones,31,0.635
https://leetcode.cn/problems/make-array-strictly-increasing,125,0.594
https://leetcode.cn/problems/critical-connections-in-a-network,122,0.557
https://leetcode.cn/problems/tournament-winners,110,0.508
https://leetcode.cn/problems/minimum-time-to-build-blocks,32,0.473
https://leetcode.cn/problems/sort-items-by-groups-respecting-dependencies,179,0.607
https://leetcode.cn/problems/design-skiplist,265,0.679
https://leetcode.cn/problems/minimum-moves-to-reach-target-with-rotations,183,0.642
https://leetcode.cn/problems/valid-palindrome-iii,58,0.578
https://leetcode.cn/problems/count-vowels-permutation,382,0.609
https://leetcode.cn/problems/dice-roll-simulation,191,0.619
https://leetcode.cn/problems/maximum-equal-frequency,303,0.436
https://leetcode.cn/problems/report-contiguous-dates,159,0.522
https://leetcode.cn/problems/divide-chocolate,104,0.594
https://leetcode.cn/problems/maximum-profit-in-job-scheduling,394,0.578
https://leetcode.cn/problems/tiling-a-rectangle-with-the-fewest-squares,122,0.635
https://leetcode.cn/problems/palindrome-removal,62,0.503
https://leetcode.cn/problems/check-if-it-is-a-good-array,154,0.709
https://leetcode.cn/problems/maximum-score-words-formed-by-letters,249,0.798
https://leetcode.cn/problems/handshakes-that-dont-cross,76,0.536
https://leetcode.cn/problems/minimum-moves-to-move-a-box-to-their-target-location,160,0.54
https://leetcode.cn/problems/number-of-ways-to-stay-in-the-same-place-after-some-steps,352,0.491
https://leetcode.cn/problems/number-of-ships-in-a-rectangle,38,0.65
https://leetcode.cn/problems/palindrome-partitioning-iii,102,0.628
https://leetcode.cn/problems/minimum-number-of-flips-to-convert-binary-matrix-to-zero-matrix,108,0.689
https://leetcode.cn/problems/minimum-falling-path-sum-ii,340,0.614
https://leetcode.cn/problems/shortest-path-in-a-grid-with-obstacles-elimination,206,0.387
https://leetcode.cn/problems/maximum-candies-you-can-get-from-boxes,129,0.594
https://leetcode.cn/problems/number-of-paths-with-max-score,157,0.377
https://leetcode.cn/problems/verbal-arithmetic-puzzle,75,0.351
https://leetcode.cn/problems/minimum-insertion-steps-to-make-a-string-palindrome,290,0.697
https://leetcode.cn/problems/distinct-echo-substrings,95,0.496
https://leetcode.cn/problems/minimum-distance-to-type-a-word-using-two-fingers,82,0.614
https://leetcode.cn/problems/minimum-number-of-taps-to-open-to-water-a-garden,265,0.54
https://leetcode.cn/problems/reverse-subarray-to-maximize-array-value,85,0.573
https://leetcode.cn/problems/minimum-difficulty-of-a-job-schedule,182,0.668
https://leetcode.cn/problems/number-of-transactions-per-visit,90,0.447
https://leetcode.cn/problems/jump-game-v,138,0.598
https://leetcode.cn/problems/jump-game-iv,323,0.454
https://leetcode.cn/problems/maximum-students-taking-exam,205,0.639
https://leetcode.cn/problems/construct-target-array-with-multiple-sums,97,0.291
https://leetcode.cn/problems/count-all-valid-pickup-and-delivery-options,128,0.589
https://leetcode.cn/problems/largest-multiple-of-three,141,0.36
https://leetcode.cn/problems/minimum-cost-to-make-at-least-one-valid-path-in-a-grid,160,0.606
https://leetcode.cn/problems/get-the-second-most-recent-activity,90,0.617
https://leetcode.cn/problems/maximum-sum-bst-in-binary-tree,417,0.481
https://leetcode.cn/problems/frog-position-after-t-seconds,279,0.424
https://leetcode.cn/problems/maximum-performance-of-a-team,135,0.359
https://leetcode.cn/problems/total-sales-amount-by-year,111,0.573
https://leetcode.cn/problems/pizza-with-3n-slices,119,0.644
https://leetcode.cn/problems/longest-happy-prefix,239,0.449
https://leetcode.cn/problems/find-all-good-strings,73,0.449
https://leetcode.cn/problems/reducing-dishes,442,0.796
https://leetcode.cn/problems/stone-game-iii,133,0.592
https://leetcode.cn/problems/number-of-ways-to-paint-n-3-grid,169,0.579
https://leetcode.cn/problems/find-the-quiet-students-in-all-exams,147,0.518
https://leetcode.cn/problems/restore-the-array,89,0.423
https://leetcode.cn/problems/build-array-where-you-can-find-the-maximum-exactly-k-comparisons,72,0.639
https://leetcode.cn/problems/constrained-subsequence-sum,122,0.486
https://leetcode.cn/problems/number-of-ways-to-wear-different-hats-to-each-other,76,0.521
https://leetcode.cn/problems/find-the-kth-smallest-sum-of-a-matrix-with-sorted-rows,142,0.664
https://leetcode.cn/problems/number-of-ways-of-cutting-a-pizza,165,0.617
https://leetcode.cn/problems/form-largest-integer-with-digits-that-add-up-to-target,238,0.623
https://leetcode.cn/problems/maximum-number-of-darts-inside-of-a-circular-dartboard,43,0.383
https://leetcode.cn/problems/max-dot-product-of-two-subsequences,136,0.483
https://leetcode.cn/problems/cherry-pickup-ii,118,0.625
https://leetcode.cn/problems/probability-of-a-two-boxes-having-the-same-number-of-distinct-balls,74,0.62
https://leetcode.cn/problems/paint-house-iii,198,0.662
https://leetcode.cn/problems/allocate-mailboxes,101,0.629
https://leetcode.cn/problems/sales-by-day-of-the-week,74,0.567
https://leetcode.cn/problems/kth-ancestor-of-a-tree-node,164,0.461
https://leetcode.cn/problems/find-critical-and-pseudo-critical-edges-in-minimum-spanning-tree,156,0.661
https://leetcode.cn/problems/parallel-courses-ii,107,0.515
https://leetcode.cn/problems/max-value-of-equation,175,0.483
https://leetcode.cn/problems/minimum-possible-integer-after-at-most-k-adjacent-swaps-on-digits,103,0.409
https://leetcode.cn/problems/stone-game-iv,110,0.609
https://leetcode.cn/problems/best-position-for-a-service-centre,75,0.351
https://leetcode.cn/problems/move-sub-tree-of-n-ary-tree,19,0.534
https://leetcode.cn/problems/maximum-number-of-non-overlapping-substrings,90,0.363
https://leetcode.cn/problems/find-a-value-of-a-mysterious-function-closest-to-target,79,0.442
https://leetcode.cn/problems/minimum-number-of-increments-on-subarrays-to-form-a-target-array,100,0.659
https://leetcode.cn/problems/string-compression-ii,51,0.39
https://leetcode.cn/problems/get-the-maximum-score,135,0.405
https://leetcode.cn/problems/find-longest-awesome-substring,82,0.451
https://leetcode.cn/problems/minimum-cost-to-cut-a-stick,120,0.575
https://leetcode.cn/problems/the-most-similar-path-in-a-graph,25,0.674
https://leetcode.cn/problems/minimum-number-of-days-to-eat-n-oranges,153,0.33
https://leetcode.cn/problems/stone-game-v,81,0.398
https://leetcode.cn/problems/minimum-number-of-days-to-disconnect-island,86,0.448
https://leetcode.cn/problems/number-of-ways-to-reorder-array-to-get-same-bst,67,0.493
https://leetcode.cn/problems/count-all-possible-routes,130,0.567
https://leetcode.cn/problems/remove-max-number-of-edges-to-keep-graph-fully-traversable,332,0.621
https://leetcode.cn/problems/check-if-string-is-transformable-with-substring-sort-operations,54,0.438
https://leetcode.cn/problems/strange-printer-ii,71,0.644
https://leetcode.cn/problems/minimum-cost-to-connect-two-groups-of-points,92,0.656
https://leetcode.cn/problems/build-binary-expression-tree-from-infix-expression,34,0.664
https://leetcode.cn/problems/maximum-number-of-achievable-transfer-requests,264,0.62
https://leetcode.cn/problems/find-servers-that-handled-most-number-of-requests,205,0.484
https://leetcode.cn/problems/maximum-number-of-visible-points,163,0.444
https://leetcode.cn/problems/minimum-one-bit-operations-to-make-integers-zero,76,0.608
https://leetcode.cn/problems/count-subtrees-with-max-distance-between-cities,104,0.789
https://leetcode.cn/problems/fancy-sequence,120,0.18
https://leetcode.cn/problems/graph-connectivity-with-threshold,67,0.428
https://leetcode.cn/problems/rank-transform-of-a-matrix,98,0.572
https://leetcode.cn/problems/hopper-company-queries-i,63,0.491
https://leetcode.cn/problems/number-of-ways-to-form-a-target-string-given-a-dictionary,67,0.474
https://leetcode.cn/problems/kth-smallest-instructions,81,0.489
https://leetcode.cn/problems/hopper-company-queries-ii,41,0.408
https://leetcode.cn/problems/create-sorted-array-through-instructions,102,0.499
https://leetcode.cn/problems/hopper-company-queries-iii,40,0.637
https://leetcode.cn/problems/distribute-repeating-integers,66,0.402
https://leetcode.cn/problems/maximize-grid-happiness,72,0.645
https://leetcode.cn/problems/minimum-initial-energy-to-finish-tasks,132,0.657
https://leetcode.cn/problems/minimum-number-of-removals-to-make-mountain-array,171,0.517
https://leetcode.cn/problems/minimize-deviation-in-array,76,0.457
https://leetcode.cn/problems/minimum-incompatibility,115,0.587
https://leetcode.cn/problems/delivering-boxes-from-storage-to-ports,100,0.584
https://leetcode.cn/problems/maximum-height-by-stacking-cuboids,178,0.65
https://leetcode.cn/problems/count-ways-to-distribute-candies,25,0.652
https://leetcode.cn/problems/checking-existence-of-edge-length-limited-paths,167,0.648
https://leetcode.cn/problems/minimum-adjacent-swaps-for-k-consecutive-ones,88,0.563
https://leetcode.cn/problems/maximum-xor-with-an-element-from-array,179,0.512
https://leetcode.cn/problems/minimum-operations-to-make-a-subsequence,204,0.5
https://leetcode.cn/problems/sum-of-special-evenly-spaced-elements-in-array,17,0.592
https://leetcode.cn/problems/number-of-ways-to-reconstruct-a-tree,96,0.689
https://leetcode.cn/problems/find-minimum-time-to-finish-all-jobs,231,0.508
https://leetcode.cn/problems/checking-existence-of-edge-length-limited-paths-ii,22,0.565
https://leetcode.cn/problems/cat-and-mouse-ii,88,0.637
https://leetcode.cn/problems/count-ways-to-make-array-with-product,51,0.527
https://leetcode.cn/problems/building-boxes,135,0.64
https://leetcode.cn/problems/palindrome-partitioning-iv,113,0.51
https://leetcode.cn/problems/maximum-number-of-events-that-can-be-attended-ii,100,0.549
https://leetcode.cn/problems/closest-subsequence-sum,94,0.465
https://leetcode.cn/problems/minimum-degree-of-a-connected-trio-in-a-graph,129,0.558
https://leetcode.cn/problems/tree-of-coprimes,50,0.405
https://leetcode.cn/problems/find-the-subtasks-that-did-not-execute,79,0.775
https://leetcode.cn/problems/maximum-score-from-performing-multiplication-operations,147,0.408
https://leetcode.cn/problems/maximize-palindrome-length-from-subsequences,71,0.399
https://leetcode.cn/problems/car-fleet-ii,71,0.496
https://leetcode.cn/problems/count-pairs-of-nodes,88,0.546
https://leetcode.cn/problems/make-the-xor-of-all-segments-equal-to-zero,67,0.642
https://leetcode.cn/problems/maximize-the-beauty-of-the-garden,32,0.638
https://leetcode.cn/problems/maximum-score-of-a-good-subarray,134,0.466
https://leetcode.cn/problems/maximize-score-after-n-operations,166,0.656
https://leetcode.cn/problems/count-pairs-with-xor-in-a-range,160,0.564
https://leetcode.cn/problems/maximize-number-of-nice-divisors,65,0.292
https://leetcode.cn/problems/maximum-number-of-groups-getting-fresh-donuts,94,0.532
https://leetcode.cn/problems/number-of-different-subsequences-gcds,109,0.633
https://leetcode.cn/problems/finding-mk-average,192,0.435
https://leetcode.cn/problems/minimum-number-of-operations-to-make-string-sorted,31,0.53
https://leetcode.cn/problems/find-xor-sum-of-all-pairs-bitwise-and,83,0.568
https://leetcode.cn/problems/maximum-building-height,66,0.399
https://leetcode.cn/problems/next-palindrome-using-same-digits,20,0.535
https://leetcode.cn/problems/closest-room,82,0.407
https://leetcode.cn/problems/minimum-interval-to-include-each-query,174,0.521
https://leetcode.cn/problems/largest-color-value-in-a-directed-graph,68,0.494
https://leetcode.cn/problems/sum-of-floored-pairs,67,0.347
https://leetcode.cn/problems/number-of-ways-to-rearrange-sticks-with-k-sticks-visible,75,0.623
https://leetcode.cn/problems/stone-game-viii,51,0.618
https://leetcode.cn/problems/minimum-xor-sum-of-two-arrays,77,0.526
https://leetcode.cn/problems/minimum-skips-to-arrive-at-meeting-on-time,40,0.417
https://leetcode.cn/problems/minimum-space-wasted-from-packaging,67,0.304
https://leetcode.cn/problems/page-recommendations-ii,37,0.385
https://leetcode.cn/problems/minimum-cost-to-change-the-final-value-of-expression,39,0.512
https://leetcode.cn/problems/the-earliest-and-latest-rounds-where-players-compete,50,0.465
https://leetcode.cn/problems/design-movie-rental-system,86,0.243
https://leetcode.cn/problems/count-ways-to-build-rooms-in-an-ant-colony,32,0.57
https://leetcode.cn/problems/leetcodify-friends-recommendations,33,0.304
https://leetcode.cn/problems/leetcodify-similar-friends,42,0.428
https://leetcode.cn/problems/longest-common-subpath,51,0.27
https://leetcode.cn/problems/erect-the-fence-ii,11,0.444
https://leetcode.cn/problems/minimum-cost-to-reach-destination-in-time,88,0.46
https://leetcode.cn/problems/painting-a-grid-with-three-different-colors,95,0.603
https://leetcode.cn/problems/merge-bsts-to-create-single-bst,59,0.337
https://leetcode.cn/problems/maximum-genetic-difference-query,56,0.417
https://leetcode.cn/problems/number-of-visible-people-in-a-queue,249,0.686
https://leetcode.cn/problems/delete-duplicate-folders-in-system,30,0.548
https://leetcode.cn/problems/count-number-of-special-subsequences,62,0.532
https://leetcode.cn/problems/minimum-time-for-k-virus-variants-to-spread,15,0.352
https://leetcode.cn/problems/maximum-product-of-the-length-of-two-palindromic-substrings,37,0.329
https://leetcode.cn/problems/find-the-longest-valid-obstacle-course-at-each-position,86,0.457
https://leetcode.cn/problems/last-day-where-you-can-still-cross,75,0.51
https://leetcode.cn/problems/first-and-last-call-on-the-same-day,52,0.424
https://leetcode.cn/problems/number-of-ways-to-separate-numbers,29,0.311
https://leetcode.cn/problems/find-array-given-subset-sums,28,0.492
https://leetcode.cn/problems/number-of-unique-good-subsequences,43,0.51
https://leetcode.cn/problems/the-number-of-good-subsets,190,0.561
https://leetcode.cn/problems/gcd-sort-of-an-array,63,0.462
https://leetcode.cn/problems/smallest-missing-genetic-value-in-each-subtree,115,0.595
https://leetcode.cn/problems/the-number-of-seniors-and-juniors-to-join-the-company,41,0.434
https://leetcode.cn/problems/subtree-removal-game-with-fibonacci-tree,11,0.505
https://leetcode.cn/problems/minimum-number-of-operations-to-make-array-continuous,81,0.441
https://leetcode.cn/problems/the-number-of-seniors-and-juniors-to-join-the-company-ii,49,0.614
https://leetcode.cn/problems/longest-subsequence-repeated-k-times,31,0.553
https://leetcode.cn/problems/the-score-of-students-solving-math-expression,47,0.383
https://leetcode.cn/problems/maximum-number-of-ways-to-partition-an-array,66,0.311
https://leetcode.cn/problems/smallest-k-length-subsequence-with-occurrences-of-a-letter,59,0.365
https://leetcode.cn/problems/partition-array-into-two-arrays-to-minimize-sum-difference,77,0.353
https://leetcode.cn/problems/kth-smallest-product-of-two-sorted-arrays,36,0.345
https://leetcode.cn/problems/second-minimum-time-to-reach-destination,171,0.533
https://leetcode.cn/problems/parallel-courses-iii,216,0.644
https://leetcode.cn/problems/number-of-valid-move-combinations-on-chessboard,26,0.581
https://leetcode.cn/problems/check-if-an-original-string-exists-given-two-encoded-strings,28,0.402
https://leetcode.cn/problems/maximum-path-quality-of-a-graph,70,0.549
https://leetcode.cn/problems/maximum-number-of-tasks-you-can-assign,52,0.312
https://leetcode.cn/problems/process-restricted-friend-requests,91,0.517
https://leetcode.cn/problems/sum-of-k-mirror-numbers,84,0.441
https://leetcode.cn/problems/count-fertile-pyramids-in-a-land,59,0.636
https://leetcode.cn/problems/find-all-people-with-secret,136,0.299
https://leetcode.cn/problems/valid-arrangement-of-pairs,57,0.387
https://leetcode.cn/problems/sequentially-ordinal-rank-tracker,91,0.559
https://leetcode.cn/problems/maximum-fruits-harvested-after-at-most-k-steps,207,0.451
https://leetcode.cn/problems/minimum-operations-to-make-the-array-k-increasing,100,0.357
https://leetcode.cn/problems/abbreviating-the-product-of-a-range,29,0.301
https://leetcode.cn/problems/build-the-equation,17,0.555
https://leetcode.cn/problems/recover-the-original-array,71,0.426
https://leetcode.cn/problems/minimum-operations-to-remove-adjacent-ones-in-matrix,8,0.533
https://leetcode.cn/problems/maximum-employees-to-be-invited-to-a-meeting,117,0.529
https://leetcode.cn/problems/stamping-the-grid,119,0.497
https://leetcode.cn/problems/earliest-possible-day-of-full-bloom,155,0.723
https://leetcode.cn/problems/maximum-running-time-of-n-computers,86,0.415
https://leetcode.cn/problems/choose-numbers-from-two-arrays-in-range,14,0.535
https://leetcode.cn/problems/number-of-ways-to-divide-a-long-corridor,95,0.427
https://leetcode.cn/problems/maximum-good-people-based-on-statements,101,0.509
https://leetcode.cn/problems/the-number-of-passengers-in-each-bus-ii,14,0.433
https://leetcode.cn/problems/find-substring-with-given-hash-value,104,0.259
https://leetcode.cn/problems/groups-of-strings,81,0.316
https://leetcode.cn/problems/amount-of-new-area-painted-each-day,23,0.563
https://leetcode.cn/problems/minimum-difference-in-sums-after-removal-of-elements,65,0.498
https://leetcode.cn/problems/minimum-time-to-remove-all-cars-containing-illegal-goods,85,0.501
https://leetcode.cn/problems/maximum-and-sum-of-array,86,0.521
https://leetcode.cn/problems/longest-winning-streak,33,0.531
https://leetcode.cn/problems/count-good-triplets-in-an-array,83,0.385
https://leetcode.cn/problems/count-array-pairs-divisible-by-k,60,0.287
https://leetcode.cn/problems/minimum-time-to-finish-the-race,71,0.446
https://leetcode.cn/problems/minimum-number-of-moves-to-make-palindrome,67,0.493
https://leetcode.cn/problems/replace-non-coprime-numbers-in-array,93,0.35
https://leetcode.cn/problems/finding-the-topic-of-each-post,16,0.591
https://leetcode.cn/problems/minimum-weighted-subgraph-with-the-required-paths,74,0.381
https://leetcode.cn/problems/distance-to-a-cycle-in-undirected-graph,20,0.706
https://leetcode.cn/problems/minimum-white-tiles-after-covering-with-carpets,57,0.4
https://leetcode.cn/problems/longest-substring-of-one-repeating-character,87,0.413
https://leetcode.cn/problems/maximum-value-of-k-coins-from-piles,98,0.562
https://leetcode.cn/problems/sum-of-scores-of-built-strings,58,0.39
https://leetcode.cn/problems/encrypt-and-decrypt-strings,91,0.399
https://leetcode.cn/problems/maximum-total-beauty-of-the-gardens,76,0.281
https://leetcode.cn/problems/maximum-score-of-a-node-sequence,47,0.348
https://leetcode.cn/problems/longest-path-with-different-adjacent-characters,81,0.49
https://leetcode.cn/problems/maximum-cost-of-trip-with-k-highways,16,0.566
https://leetcode.cn/problems/number-of-flowers-in-full-bloom,232,0.526
https://leetcode.cn/problems/dynamic-pivoting-of-a-table,5,0.551
https://leetcode.cn/problems/dynamic-unpivoting-of-a-table,5,0.688
https://leetcode.cn/problems/design-video-sharing-platform,9,0.622
https://leetcode.cn/problems/escape-the-spreading-fire,165,0.512
https://leetcode.cn/problems/total-appeal-of-a-string,131,0.596
https://leetcode.cn/problems/make-array-non-decreasing-or-non-increasing,15,0.722
https://leetcode.cn/problems/check-if-there-is-a-valid-parentheses-string-path,137,0.383
https://leetcode.cn/problems/substring-with-largest-variance,43,0.397
https://leetcode.cn/problems/count-integers-in-intervals,147,0.494
https://leetcode.cn/problems/closest-node-to-path-in-tree,15,0.687
https://leetcode.cn/problems/sum-of-total-strength-of-wizards,75,0.278
https://leetcode.cn/problems/booking-concert-tickets-in-groups,62,0.247
https://leetcode.cn/problems/minimum-obstacle-removal-to-reach-corner,103,0.569
https://leetcode.cn/problems/design-a-text-editor,128,0.444
https://leetcode.cn/problems/match-substring-after-replacement,71,0.457
https://leetcode.cn/problems/count-subarrays-with-score-less-than-k,90,0.521
https://leetcode.cn/problems/naming-a-company,70,0.448
https://leetcode.cn/problems/check-for-contradictions-in-equations,7,0.462
https://leetcode.cn/problems/selling-pieces-of-wood,63,0.541
https://leetcode.cn/problems/minimum-flips-in-binary-tree-to-get-result,17,0.698
https://leetcode.cn/problems/number-of-distinct-roll-sequences,75,0.573
https://leetcode.cn/problems/maximum-score-of-spliced-array,109,0.524
https://leetcode.cn/problems/minimum-score-after-removals-on-a-tree,58,0.596
https://leetcode.cn/problems/number-of-increasing-paths-in-a-grid,127,0.517
https://leetcode.cn/problems/subarray-with-elements-greater-than-varying-threshold,58,0.476
https://leetcode.cn/problems/count-the-number-of-ideal-arrays,47,0.311
https://leetcode.cn/problems/minimum-deletions-to-make-array-divisible,122,0.538
https://leetcode.cn/problems/shortest-impossible-sequence-of-rolls,75,0.657
https://leetcode.cn/problems/number-of-excellent-pairs,80,0.453
https://leetcode.cn/problems/maximum-number-of-books-you-can-take,11,0.552
https://leetcode.cn/problems/longest-cycle-in-a-graph,148,0.388
https://leetcode.cn/problems/minimum-costs-using-the-train-line,14,0.767
https://leetcode.cn/problems/generate-the-invoice,19,0.719
https://leetcode.cn/problems/minimum-replacements-to-sort-the-array,54,0.44
https://leetcode.cn/problems/minimize-maximum-value-in-a-grid,13,0.727
https://leetcode.cn/problems/count-special-integers,138,0.556
https://leetcode.cn/problems/maximum-segment-sum-after-removals,95,0.567
https://leetcode.cn/problems/find-the-k-sum-of-an-array,53,0.423
https://leetcode.cn/problems/build-a-matrix-with-conditions,99,0.563
https://leetcode.cn/problems/maximum-number-of-robots-within-budget,95,0.356
https://leetcode.cn/problems/meeting-rooms-iii,126,0.33
https://leetcode.cn/problems/minimum-time-to-kill-all-monsters,19,0.685
https://leetcode.cn/problems/longest-increasing-subsequence-ii,103,0.312
https://leetcode.cn/problems/minimum-money-required-before-transactions,63,0.486
https://leetcode.cn/problems/sum-of-prefix-scores-of-strings,130,0.411
https://leetcode.cn/problems/number-of-good-paths,55,0.438
https://leetcode.cn/problems/number-of-pairs-satisfying-inequality,89,0.471
https://leetcode.cn/problems/maximum-deletions-on-a-string,106,0.48
https://leetcode.cn/problems/paths-in-matrix-whose-sum-is-divisible-by-k,101,0.518
https://leetcode.cn/problems/create-components-with-same-value,34,0.619
https://leetcode.cn/problems/count-subarrays-with-fixed-bounds,104,0.453
https://leetcode.cn/problems/minimum-cost-to-make-array-equal,87,0.368
https://leetcode.cn/problems/minimum-number-of-operations-to-make-arrays-similar,50,0.656
https://leetcode.cn/problems/next-greater-element-iv,190,0.555
https://leetcode.cn/problems/height-of-binary-tree-after-subtree-removal-queries,88,0.418
https://leetcode.cn/problems/sort-array-by-moving-items-to-empty-space,4,0.57
https://leetcode.cn/problems/minimum-total-distance-traveled,62,0.457
https://leetcode.cn/problems/split-message-based-on-limit,55,0.444
https://leetcode.cn/problems/maximum-number-of-non-overlapping-palindrome-substrings,87,0.445
https://leetcode.cn/problems/customers-with-strictly-increasing-purchases,21,0.486
https://leetcode.cn/problems/number-of-beautiful-partitions,53,0.397
https://leetcode.cn/problems/maximum-xor-of-two-non-overlapping-subtrees,11,0.645
https://leetcode.cn/problems/count-palindromic-subsequences,52,0.482
https://leetcode.cn/problems/count-subarrays-with-median-k,206,0.507
https://leetcode.cn/problems/divide-nodes-into-the-maximum-number-of-groups,45,0.443
https://leetcode.cn/problems/merge-overlapping-events-in-the-same-hall,11,0.412
https://leetcode.cn/problems/minimum-total-cost-to-make-arrays-unequal,30,0.425
https://leetcode.cn/problems/maximum-number-of-points-from-grid-queries,69,0.447
https://leetcode.cn/problems/add-edges-to-make-degrees-of-all-nodes-even,56,0.299
https://leetcode.cn/problems/cycle-length-queries-in-a-tree,63,0.655
https://leetcode.cn/problems/count-anagrams,42,0.465
https://leetcode.cn/problems/number-of-great-partitions,32,0.429
https://leetcode.cn/problems/count-the-number-of-k-big-indices,14,0.646
https://leetcode.cn/problems/maximum-frequency-score-of-a-subarray,6,0.446
https://leetcode.cn/problems/maximize-the-minimum-powered-city,44,0.416
https://leetcode.cn/problems/time-to-cross-a-bridge,100,0.684
https://leetcode.cn/problems/time-taken-to-cross-the-door,9,0.582
https://leetcode.cn/problems/difference-between-maximum-and-minimum-price-sum,47,0.485
https://leetcode.cn/problems/check-if-point-is-reachable,23,0.477
https://leetcode.cn/problems/minimum-cost-to-split-an-array,44,0.572
https://leetcode.cn/problems/put-marbles-in-bags,43,0.555
https://leetcode.cn/problems/count-increasing-quadruplets,47,0.4
https://leetcode.cn/problems/rearranging-fruits,36,0.377
https://leetcode.cn/problems/subsequence-with-the-minimum-score,38,0.364
https://leetcode.cn/problems/handling-sum-queries-after-update,111,0.424
https://leetcode.cn/problems/find-the-string-with-lcp,33,0.356
https://leetcode.cn/problems/minimum-time-to-visit-a-cell-in-a-grid,50,0.4
https://leetcode.cn/problems/count-number-of-possible-root-nodes,33,0.59
https://leetcode.cn/problems/split-the-array-to-make-coprime-products,74,0.258
https://leetcode.cn/problems/number-of-ways-to-earn-points,60,0.654
https://leetcode.cn/problems/minimum-time-to-complete-all-tasks,36,0.432
https://leetcode.cn/problems/collect-coins-in-a-tree,100,0.59
https://leetcode.cn/problems/minimum-time-to-eat-all-grains,6,0.337
https://leetcode.cn/problems/shortest-cycle-in-a-graph,34,0.413
https://leetcode.cn/problems/minimum-reverse-operations,34,0.213
https://leetcode.cn/problems/beautiful-pairs,5,0.361
https://leetcode.cn/problems/minimum-number-of-visited-cells-in-a-grid,64,0.325
https://leetcode.cn/problems/memoize-ii,21,0.393
https://leetcode.cn/problems/design-graph-with-shortest-path-calculator,56,0.586
https://leetcode.cn/problems/minimize-the-total-price-of-the-trips,122,0.701
https://leetcode.cn/problems/color-the-triangle-red,2,0.495
https://leetcode.cn/problems/design-cancellable-function,19,0.56
https://leetcode.cn/problems/make-array-empty,29,0.393
https://leetcode.cn/problems/lexicographically-smallest-beautiful-string,33,0.455
https://leetcode.cn/problems/array-of-objects-to-matrix,27,0.572
https://leetcode.cn/problems/power-of-heroes,121,0.416
https://leetcode.cn/problems/immutability-helper,3,0.227
https://leetcode.cn/problems/modify-graph-edge-weights,60,0.52
https://leetcode.cn/problems/consecutive-transactions-with-increasing-amounts,19,0.264
https://leetcode.cn/problems/minimum-operations-to-make-numbers-non-positive,9,0.535
https://leetcode.cn/problems/greatest-common-divisor-traversal,39,0.25
https://leetcode.cn/problems/maximum-strictly-increasing-cells-in-a-matrix,32,0.366
https://leetcode.cn/problems/find-shortest-path-with-k-hops,5,0.589
https://leetcode.cn/problems/count-of-integers,95,0.559
https://leetcode.cn/problems/popularity-percentage,7,0.506
https://leetcode.cn/problems/find-a-good-subset-of-the-matrix,19,0.566
https://leetcode.cn/problems/maximum-sum-queries,106,0.524
https://leetcode.cn/problems/painting-the-walls,32,0.37
https://leetcode.cn/problems/robot-collisions,33,0.488
https://leetcode.cn/problems/customers-with-maximum-number-of-transactions-on-consecutive-days,11,0.427
https://leetcode.cn/problems/count-houses-in-a-circular-street-ii,10,0.803
https://leetcode.cn/problems/query-batching,4,0.425
https://leetcode.cn/problems/convert-json-string-to-object,5,0.514
https://leetcode.cn/problems/sum-of-imbalance-numbers-of-all-subarrays,21,0.621
https://leetcode.cn/problems/length-of-the-longest-valid-substring,45,0.387
https://leetcode.cn/problems/maximum-number-of-groups-with-increasing-length,47,0.22
https://leetcode.cn/problems/count-paths-that-can-form-a-palindrome-in-a-tree,35,0.505
https://leetcode.cn/problems/status-of-flight-tickets,13,0.681
https://leetcode.cn/problems/count-stepping-numbers-in-range,46,0.428
https://leetcode.cn/problems/minimum-time-to-make-array-sum-at-most-x,57,0.617
https://leetcode.cn/problems/maximum-elegance-of-a-k-length-subsequence,28,0.41
https://leetcode.cn/problems/minimum-time-takes-to-reach-destination-without-drowning,5,0.488
https://leetcode.cn/problems/apply-operations-to-maximize-score,45,0.464
https://leetcode.cn/problems/minimum-relative-loss-after-buying-chocolates,8,0.53
https://leetcode.cn/problems/number-of-beautiful-integers-in-the-range,23,0.341
https://leetcode.cn/problems/minimum-operations-to-form-subsequence-with-target-sum,47,0.345
https://leetcode.cn/problems/maximize-value-of-function-in-a-ball-passing-game,35,0.394
https://leetcode.cn/problems/count-k-subsequences-of-a-string-with-maximum-beauty,29,0.286
https://leetcode.cn/problems/minimum-edge-weight-equilibrium-queries-in-a-tree,77,0.62
https://leetcode.cn/problems/string-transformation,30,0.422
https://leetcode.cn/problems/minimum-edge-reversals-so-every-node-is-reachable,30,0.695
https://leetcode.cn/problems/maximum-element-sum-of-a-complete-subset-of-indices,33,0.479
https://leetcode.cn/problems/count-valid-paths-in-a-tree,43,0.346
https://leetcode.cn/problems/the-wording-game,3,0.586
https://leetcode.cn/problems/maximum-number-of-k-divisible-components,20,0.648
https://leetcode.cn/problems/count-visited-nodes-in-a-directed-graph,40,0.472
https://leetcode.cn/problems/apply-operations-on-array-to-maximize-sum-of-squares,26,0.571
https://leetcode.cn/problems/count-of-sub-multisets-with-bounded-sum,15,0.306
https://leetcode.cn/problems/minimum-changes-to-make-k-semi-palindromes,23,0.475
https://leetcode.cn/problems/number-of-ways-to-reach-destination-in-the-grid,5,0.79
https://leetcode.cn/problems/subarrays-distinct-element-sum-of-squares-ii,24,0.38
https://leetcode.cn/problems/maximum-points-after-collecting-coins-from-all-nodes,24,0.42
https://leetcode.cn/problems/maximum-profitable-triplets-with-increasing-prices-ii,5,0.704
https://leetcode.cn/problems/maximum-balanced-subsequence-sum,37,0.38
https://leetcode.cn/problems/distribute-candies-among-children-iii,3,0.605
https://leetcode.cn/problems/maximum-spending-after-buying-items,26,0.684
https://leetcode.cn/problems/maximum-strong-pair-xor-ii,30,0.386
https://leetcode.cn/problems/find-building-where-alice-and-bob-can-meet,55,0.463
https://leetcode.cn/problems/maximum-gcd-sum-of-a-subarray,2,0.79
https://leetcode.cn/problems/find-maximum-non-decreasing-array-length,17,0.253
https://leetcode.cn/problems/count-beautiful-substrings-ii,27,0.324
https://leetcode.cn/problems/count-complete-substrings,42,0.337
https://leetcode.cn/problems/count-the-number-of-infection-sequences,18,0.4
https://leetcode.cn/problems/number-of-possible-sets-of-closing-branches,32,0.585
https://leetcode.cn/problems/count-the-number-of-good-partitions,51,0.499
https://leetcode.cn/problems/apply-operations-to-maximize-frequency-score,22,0.473
https://leetcode.cn/problems/minimum-number-of-coins-for-fruits-ii,2,0.756
https://leetcode.cn/problems/count-the-number-of-incremovable-subarrays-ii,34,0.52
https://leetcode.cn/problems/find-number-of-coins-to-place-in-tree-nodes,25,0.466
https://leetcode.cn/problems/minimum-cost-to-convert-string-ii,21,0.288
https://leetcode.cn/problems/palindrome-rearrangement-queries,21,0.311
https://leetcode.cn/problems/top-three-wineries,4,0.516
https://leetcode.cn/problems/friday-purchases-ii,4,0.66
https://leetcode.cn/problems/viewers-turned-streamers,8,0.372
https://leetcode.cn/problems/count-the-number-of-powerful-integers,34,0.384
https://leetcode.cn/problems/maximize-the-number-of-partitions-after-operations,23,0.311
https://leetcode.cn/problems/find-beautiful-indices-in-the-given-array-ii,39,0.278
https://leetcode.cn/problems/maximum-number-of-intersections-on-the-chart,2,0.784
https://leetcode.cn/problems/divide-an-array-into-subarrays-with-minimum-cost-ii,23,0.413
https://leetcode.cn/problems/count-the-number-of-houses-at-a-certain-distance-ii,32,0.3
https://leetcode.cn/problems/maximum-number-of-removal-queries-that-can-be-processed-i,1,0.873
https://leetcode.cn/problems/minimize-or-of-remaining-elements-using-operations,8,0.436
https://leetcode.cn/problems/broken-board-dominoes,93,0.415
https://leetcode.cn/problems/coin-bonus,72,0.227
https://leetcode.cn/problems/zui-xiao-tiao-yue-ci-shu,138,0.32
https://leetcode.cn/problems/er-cha-shu-ren-wu-diao-du,54,0.622
https://leetcode.cn/problems/xun-bao,102,0.593
https://leetcode.cn/problems/qie-fen-shu-zu,61,0.243
https://leetcode.cn/problems/you-le-yuan-de-mi-gong,30,0.628
https://leetcode.cn/problems/you-le-yuan-de-you-lan-ji-hua,23,0.357
https://leetcode.cn/problems/meChtZ,40,0.365
https://leetcode.cn/problems/Za25hA,35,0.391
https://leetcode.cn/problems/5TxKeK,30,0.333
https://leetcode.cn/problems/Uh984O,36,0.381
https://leetcode.cn/problems/hSRGyL,25,0.37
https://leetcode.cn/problems/IQvJ9i,32,0.348
https://leetcode.cn/problems/Db3wC1,41,0.299
https://leetcode.cn/problems/t3fKg1,33,0.421
https://leetcode.cn/problems/DFPeFJ,43,0.486
https://leetcode.cn/problems/Up5XYM,26,0.342
https://leetcode.cn/problems/zui-xiao-ju-xing-mian-ji,27,0.248
https://leetcode.cn/problems/7rLGCR,20,0.563
https://leetcode.cn/problems/vFjcfV,50,0.289
https://leetcode.cn/problems/Y1VbOX,31,0.518
https://leetcode.cn/problems/oPs9Bm,35,0.457
https://leetcode.cn/problems/fsa7oZ,17,0.276
https://leetcode.cn/problems/K8GULz,22,0.405
https://leetcode.cn/problems/EJvmW4,18,0.464
https://leetcode.cn/problems/s5kipK,13,0.457
https://leetcode.cn/problems/ZbAuEH,47,0.275
https://leetcode.cn/problems/De4qBB,19,0.365
https://leetcode.cn/problems/NfY1m5,10,0.348
https://leetcode.cn/problems/WInSav,28,0.216
https://leetcode.cn/problems/3aqs1c,18,0.471
https://leetcode.cn/problems/rMeRt2,24,0.368
https://leetcode.cn/problems/XxZZjK,17,0.298
https://leetcode.cn/problems/kskhHQ,11,0.57
https://leetcode.cn/problems/rdmXM7,15,0.384
https://leetcode.cn/problems/1ybDKD,12,0.387
https://leetcode.cn/problems/qoQAMX,14,0.529
https://leetcode.cn/problems/ryfUiz,15,0.491
https://leetcode.cn/problems/cnHoX6,7,0.195
https://leetcode.cn/problems/M1oyTv,328,0.509
https://leetcode.cn/problems/0ynMMM,222,0.503
https://leetcode.cn/problems/PLYXKQ,204,0.584
https://leetcode.cn/problems/h54YBf,198,0.669
https://leetcode.cn/problems/jC7MId,177,0.487
https://leetcode.cn/problems/vvXgSW,303,0.645
https://leetcode.cn/problems/omKAoA,114,0.569
https://leetcode.cn/problems/21dk04,131,0.552
https://leetcode.cn/problems/om3reC,94,0.587
https://leetcode.cn/problems/fpTFWP,140,0.576
https://leetcode.cn/problems/Jf1JuT,222,0.512
https://leetcode.cn/problems/H6lPxb,105,0.619
https://leetcode.cn/problems/zheng-ze-biao-da-shi-pi-pei-lcof,741,0.382
https://leetcode.cn/problems/xu-lie-hua-er-cha-shu-lcof,899,0.573
https://leetcode.cn/problems/shu-ju-liu-zhong-de-zhong-wei-shu-lcof,915,0.581
https://leetcode.cn/problems/1nzheng-shu-zhong-1chu-xian-de-ci-shu-lcof,817,0.505
https://leetcode.cn/problems/shu-zu-zhong-de-ni-xu-dui-lcof,1542,0.496
https://leetcode.cn/problems/hua-dong-chuang-kou-de-zui-da-zhi-lcof,1798,0.446
https://leetcode.cn/problems/bst-sequences-lcci,169,0.49
https://leetcode.cn/problems/eight-queens-lcci,438,0.766
https://leetcode.cn/problems/pile-box-lcci,138,0.513
https://leetcode.cn/problems/intersection-lcci,255,0.441
https://leetcode.cn/problems/english-int-lcci,82,0.392
https://leetcode.cn/problems/number-of-2s-in-range-lcci,199,0.507
https://leetcode.cn/problems/missing-two-lcci,588,0.603
https://leetcode.cn/problems/continuous-median-lcci,112,0.586
https://leetcode.cn/problems/volume-of-histogram-lcci,594,0.637
https://leetcode.cn/problems/max-submatrix-lcci,203,0.535
https://leetcode.cn/problems/word-rectangle-lcci,59,0.503
https://leetcode.cn/problems/sparse-similarity-lcci,92,0.357
